<?xml version="1.0" encoding="UTF-8"?>
<root>
  <item name="com.flurgle.camerakit.Camera1 mFacing">
    <annotation name="android.support.annotation.IntDef">
      <val name="value" val="{com.flurgle.camerakit.CameraKit.Constants.FACING_BACK, com.flurgle.camerakit.CameraKit.Constants.FACING_FRONT}" />
    </annotation>
  </item>
  <item name="com.flurgle.camerakit.Camera1 mFlash">
    <annotation name="android.support.annotation.IntDef">
      <val name="value" val="{com.flurgle.camerakit.CameraKit.Constants.FLASH_OFF, com.flurgle.camerakit.CameraKit.Constants.FLASH_ON, com.flurgle.camerakit.CameraKit.Constants.FLASH_AUTO}" />
    </annotation>
  </item>
  <item name="com.flurgle.camerakit.Camera1 mFocus">
    <annotation name="android.support.annotation.IntDef">
      <val name="value" val="{com.flurgle.camerakit.CameraKit.Constants.FOCUS_CONTINUOUS, com.flurgle.camerakit.CameraKit.Constants.FOCUS_TAP, com.flurgle.camerakit.CameraKit.Constants.FOCUS_OFF}" />
    </annotation>
  </item>
  <item name="com.flurgle.camerakit.Camera1 mMethod">
    <annotation name="android.support.annotation.IntDef">
      <val name="value" val="{com.flurgle.camerakit.CameraKit.Constants.METHOD_STANDARD, com.flurgle.camerakit.CameraKit.Constants.METHOD_STILL}" />
    </annotation>
  </item>
  <item name="com.flurgle.camerakit.Camera1 mZoom">
    <annotation name="android.support.annotation.IntDef">
      <val name="value" val="{com.flurgle.camerakit.CameraKit.Constants.ZOOM_OFF, com.flurgle.camerakit.CameraKit.Constants.ZOOM_PINCH}" />
    </annotation>
  </item>
  <item name="com.flurgle.camerakit.Camera1 void setFacing(int) 0">
    <annotation name="android.support.annotation.IntDef">
      <val name="value" val="{com.flurgle.camerakit.CameraKit.Constants.FACING_BACK, com.flurgle.camerakit.CameraKit.Constants.FACING_FRONT}" />
    </annotation>
  </item>
  <item name="com.flurgle.camerakit.Camera1 void setFlash(int) 0">
    <annotation name="android.support.annotation.IntDef">
      <val name="value" val="{com.flurgle.camerakit.CameraKit.Constants.FLASH_OFF, com.flurgle.camerakit.CameraKit.Constants.FLASH_ON, com.flurgle.camerakit.CameraKit.Constants.FLASH_AUTO}" />
    </annotation>
  </item>
  <item name="com.flurgle.camerakit.Camera1 void setFocus(int) 0">
    <annotation name="android.support.annotation.IntDef">
      <val name="value" val="{com.flurgle.camerakit.CameraKit.Constants.FOCUS_CONTINUOUS, com.flurgle.camerakit.CameraKit.Constants.FOCUS_TAP, com.flurgle.camerakit.CameraKit.Constants.FOCUS_OFF}" />
    </annotation>
  </item>
  <item name="com.flurgle.camerakit.Camera1 void setMethod(int) 0">
    <annotation name="android.support.annotation.IntDef">
      <val name="value" val="{com.flurgle.camerakit.CameraKit.Constants.METHOD_STANDARD, com.flurgle.camerakit.CameraKit.Constants.METHOD_STILL}" />
    </annotation>
  </item>
  <item name="com.flurgle.camerakit.Camera1 void setZoom(int) 0">
    <annotation name="android.support.annotation.IntDef">
      <val name="value" val="{com.flurgle.camerakit.CameraKit.Constants.ZOOM_OFF, com.flurgle.camerakit.CameraKit.Constants.ZOOM_PINCH}" />
    </annotation>
  </item>
  <item name="com.flurgle.camerakit.Camera2 void setFacing(int) 0">
    <annotation name="android.support.annotation.IntDef">
      <val name="value" val="{com.flurgle.camerakit.CameraKit.Constants.FACING_BACK, com.flurgle.camerakit.CameraKit.Constants.FACING_FRONT}" />
    </annotation>
  </item>
  <item name="com.flurgle.camerakit.Camera2 void setFlash(int) 0">
    <annotation name="android.support.annotation.IntDef">
      <val name="value" val="{com.flurgle.camerakit.CameraKit.Constants.FLASH_OFF, com.flurgle.camerakit.CameraKit.Constants.FLASH_ON, com.flurgle.camerakit.CameraKit.Constants.FLASH_AUTO}" />
    </annotation>
  </item>
  <item name="com.flurgle.camerakit.Camera2 void setFocus(int) 0">
    <annotation name="android.support.annotation.IntDef">
      <val name="value" val="{com.flurgle.camerakit.CameraKit.Constants.FOCUS_CONTINUOUS, com.flurgle.camerakit.CameraKit.Constants.FOCUS_TAP, com.flurgle.camerakit.CameraKit.Constants.FOCUS_OFF}" />
    </annotation>
  </item>
  <item name="com.flurgle.camerakit.Camera2 void setMethod(int) 0">
    <annotation name="android.support.annotation.IntDef">
      <val name="value" val="{com.flurgle.camerakit.CameraKit.Constants.METHOD_STANDARD, com.flurgle.camerakit.CameraKit.Constants.METHOD_STILL}" />
    </annotation>
  </item>
  <item name="com.flurgle.camerakit.Camera2 void setZoom(int) 0">
    <annotation name="android.support.annotation.IntDef">
      <val name="value" val="{com.flurgle.camerakit.CameraKit.Constants.ZOOM_OFF, com.flurgle.camerakit.CameraKit.Constants.ZOOM_PINCH}" />
    </annotation>
  </item>
  <item name="com.flurgle.camerakit.CameraImpl void setFacing(int) 0">
    <annotation name="android.support.annotation.IntDef">
      <val name="value" val="{com.flurgle.camerakit.CameraKit.Constants.FACING_BACK, com.flurgle.camerakit.CameraKit.Constants.FACING_FRONT}" />
    </annotation>
  </item>
  <item name="com.flurgle.camerakit.CameraImpl void setFlash(int) 0">
    <annotation name="android.support.annotation.IntDef">
      <val name="value" val="{com.flurgle.camerakit.CameraKit.Constants.FLASH_OFF, com.flurgle.camerakit.CameraKit.Constants.FLASH_ON, com.flurgle.camerakit.CameraKit.Constants.FLASH_AUTO}" />
    </annotation>
  </item>
  <item name="com.flurgle.camerakit.CameraImpl void setFocus(int) 0">
    <annotation name="android.support.annotation.IntDef">
      <val name="value" val="{com.flurgle.camerakit.CameraKit.Constants.FOCUS_CONTINUOUS, com.flurgle.camerakit.CameraKit.Constants.FOCUS_TAP, com.flurgle.camerakit.CameraKit.Constants.FOCUS_OFF}" />
    </annotation>
  </item>
  <item name="com.flurgle.camerakit.CameraImpl void setMethod(int) 0">
    <annotation name="android.support.annotation.IntDef">
      <val name="value" val="{com.flurgle.camerakit.CameraKit.Constants.METHOD_STANDARD, com.flurgle.camerakit.CameraKit.Constants.METHOD_STILL}" />
    </annotation>
  </item>
  <item name="com.flurgle.camerakit.CameraImpl void setZoom(int) 0">
    <annotation name="android.support.annotation.IntDef">
      <val name="value" val="{com.flurgle.camerakit.CameraKit.Constants.ZOOM_OFF, com.flurgle.camerakit.CameraKit.Constants.ZOOM_PINCH}" />
    </annotation>
  </item>
  <item name="com.flurgle.camerakit.CameraView int toggleFacing()">
    <annotation name="android.support.annotation.IntDef">
      <val name="value" val="{com.flurgle.camerakit.CameraKit.Constants.FACING_BACK, com.flurgle.camerakit.CameraKit.Constants.FACING_FRONT}" />
    </annotation>
  </item>
  <item name="com.flurgle.camerakit.CameraView int toggleFlash()">
    <annotation name="android.support.annotation.IntDef">
      <val name="value" val="{com.flurgle.camerakit.CameraKit.Constants.FLASH_OFF, com.flurgle.camerakit.CameraKit.Constants.FLASH_ON, com.flurgle.camerakit.CameraKit.Constants.FLASH_AUTO}" />
    </annotation>
  </item>
  <item name="com.flurgle.camerakit.CameraView mFacing">
    <annotation name="android.support.annotation.IntDef">
      <val name="value" val="{com.flurgle.camerakit.CameraKit.Constants.FACING_BACK, com.flurgle.camerakit.CameraKit.Constants.FACING_FRONT}" />
    </annotation>
  </item>
  <item name="com.flurgle.camerakit.CameraView mFlash">
    <annotation name="android.support.annotation.IntDef">
      <val name="value" val="{com.flurgle.camerakit.CameraKit.Constants.FLASH_OFF, com.flurgle.camerakit.CameraKit.Constants.FLASH_ON, com.flurgle.camerakit.CameraKit.Constants.FLASH_AUTO}" />
    </annotation>
  </item>
  <item name="com.flurgle.camerakit.CameraView mFocus">
    <annotation name="android.support.annotation.IntDef">
      <val name="value" val="{com.flurgle.camerakit.CameraKit.Constants.FOCUS_CONTINUOUS, com.flurgle.camerakit.CameraKit.Constants.FOCUS_TAP, com.flurgle.camerakit.CameraKit.Constants.FOCUS_OFF}" />
    </annotation>
  </item>
  <item name="com.flurgle.camerakit.CameraView mMethod">
    <annotation name="android.support.annotation.IntDef">
      <val name="value" val="{com.flurgle.camerakit.CameraKit.Constants.METHOD_STANDARD, com.flurgle.camerakit.CameraKit.Constants.METHOD_STILL}" />
    </annotation>
  </item>
  <item name="com.flurgle.camerakit.CameraView mZoom">
    <annotation name="android.support.annotation.IntDef">
      <val name="value" val="{com.flurgle.camerakit.CameraKit.Constants.ZOOM_OFF, com.flurgle.camerakit.CameraKit.Constants.ZOOM_PINCH}" />
    </annotation>
  </item>
  <item name="com.flurgle.camerakit.CameraView void setFacing(int) 0">
    <annotation name="android.support.annotation.IntDef">
      <val name="value" val="{com.flurgle.camerakit.CameraKit.Constants.FACING_BACK, com.flurgle.camerakit.CameraKit.Constants.FACING_FRONT}" />
    </annotation>
  </item>
  <item name="com.flurgle.camerakit.CameraView void setFlash(int) 0">
    <annotation name="android.support.annotation.IntDef">
      <val name="value" val="{com.flurgle.camerakit.CameraKit.Constants.FLASH_OFF, com.flurgle.camerakit.CameraKit.Constants.FLASH_ON, com.flurgle.camerakit.CameraKit.Constants.FLASH_AUTO}" />
    </annotation>
  </item>
  <item name="com.flurgle.camerakit.CameraView void setFocus(int) 0">
    <annotation name="android.support.annotation.IntDef">
      <val name="value" val="{com.flurgle.camerakit.CameraKit.Constants.FOCUS_CONTINUOUS, com.flurgle.camerakit.CameraKit.Constants.FOCUS_TAP, com.flurgle.camerakit.CameraKit.Constants.FOCUS_OFF}" />
    </annotation>
  </item>
  <item name="com.flurgle.camerakit.CameraView void setMethod(int) 0">
    <annotation name="android.support.annotation.IntDef">
      <val name="value" val="{com.flurgle.camerakit.CameraKit.Constants.METHOD_STANDARD, com.flurgle.camerakit.CameraKit.Constants.METHOD_STILL}" />
    </annotation>
  </item>
  <item name="com.flurgle.camerakit.CameraView void setZoom(int) 0">
    <annotation name="android.support.annotation.IntDef">
      <val name="value" val="{com.flurgle.camerakit.CameraKit.Constants.ZOOM_OFF, com.flurgle.camerakit.CameraKit.Constants.ZOOM_PINCH}" />
    </annotation>
  </item>
  <item name="com.flurgle.camerakit.Facing">
    <annotation name="android.support.annotation.IntDef">
      <val name="value" val="{com.flurgle.camerakit.CameraKit.Constants.FACING_BACK, com.flurgle.camerakit.CameraKit.Constants.FACING_FRONT}" />
    </annotation>
  </item>
  <item name="com.flurgle.camerakit.Flash">
    <annotation name="android.support.annotation.IntDef">
      <val name="value" val="{com.flurgle.camerakit.CameraKit.Constants.FLASH_OFF, com.flurgle.camerakit.CameraKit.Constants.FLASH_ON, com.flurgle.camerakit.CameraKit.Constants.FLASH_AUTO}" />
    </annotation>
  </item>
  <item name="com.flurgle.camerakit.Focus">
    <annotation name="android.support.annotation.IntDef">
      <val name="value" val="{com.flurgle.camerakit.CameraKit.Constants.FOCUS_CONTINUOUS, com.flurgle.camerakit.CameraKit.Constants.FOCUS_TAP, com.flurgle.camerakit.CameraKit.Constants.FOCUS_OFF}" />
    </annotation>
  </item>
  <item name="com.flurgle.camerakit.Method">
    <annotation name="android.support.annotation.IntDef">
      <val name="value" val="{com.flurgle.camerakit.CameraKit.Constants.METHOD_STANDARD, com.flurgle.camerakit.CameraKit.Constants.METHOD_STILL}" />
    </annotation>
  </item>
  <item name="com.flurgle.camerakit.Zoom">
    <annotation name="android.support.annotation.IntDef">
      <val name="value" val="{com.flurgle.camerakit.CameraKit.Constants.ZOOM_OFF, com.flurgle.camerakit.CameraKit.Constants.ZOOM_PINCH}" />
    </annotation>
  </item>
</root>

